<?xml version="1.0" encoding="UTF-8"?>
<!DOCTYPE suite SYSTEM "http://testng.org/testng-1.0.dtd">
<suite name="Suite">
	<listeners>
		<listener class-name="org.uncommons.reportng.HTMLReporter" />
		<listener class-name="org.uncommons.reportng.JUnitXMLReporter" />
	</listeners>
  <test name="Test1">
    <classes>
      <class name="il.co.alljob.test.SingUpTest"/>
    </classes>
  </test> <!-- Test -->
    <test name="Test2">
    <classes>
      <class name="il.co.alljob.test.SingUpFormTest"/>
    </classes>
  </test> <!-- Test -->
    <test name="Test3">
    <classes>
      <class name="il.co.alljob.test.SingUpFormNegiativeTest"/>
    </classes>
  </test> <!-- Test -->
    <test name="Test4">
    <classes>
      <class name="il.co.alljob.test.SingInTest"/>
    </classes>
  </test> <!-- Test -->
    <test name="Test5">
    <classes>
      <class name="il.co.alljob.test.UserDetailsEnterTest"/>
    </classes>
  </test> <!-- Test -->
    <test name="Test6">
    <classes>
      <class name="il.co.alljob.test.CreateCVFirstStageTest"/>
    </classes>
  </test> <!-- Test -->
    <test name="Test7">
    <classes>
      <class name="il.co.alljob.test.CreateCVSecondStageTest"/>
    </classes>
  </test> <!-- Test -->
</suite> <!-- Suite -->
